fecha,temp_media_c,precipitacion_mm,viento_max_kmh,dia_lluvioso
2011-01-01,8.2,2.5,17.7,1
2011-01-02,8.6,3.0,18.9,1
2011-01-03,-0.1,0.0,17.4,0
2011-01-04,0.1,0.0,11.2,0
2011-01-05,-0.6,0.0,13.9,0
2011-01-06,-0.9,0.0,11.4,0
2011-01-07,-0.6,0.7,15.4,0
2011-01-08,-1.7,1.5,22.6,1
2011-01-09,-3.1,0.0,26.7,0
2011-01-10,-3.1,0.0,16.5,0
2011-01-11,-2.6,3.3,10.3,1
2011-01-12,-2.5,0.2,29.0,0
2011-01-13,-2.1,0.0,21.9,0
2011-01-14,-1.9,0.0,13.9,0
2011-01-15,1.4,0.0,16.6,0
2011-01-16,0.3,0.0,15.7,0
2011-01-17,-1.3,1.8,12.6,1
2011-01-18,0.6,4.9,14.7,1
2011-01-19,3.3,1.7,17.9,1
2011-01-20,1.4,0.0,14.1,0
2011-01-21,-1.0,1.6,26.3,1
2011-01-22,-5.2,0.0,17.4,0
2011-01-23,-4.9,0.0,18.2,0
2011-01-24,-4.8,0.0,10.9,0
2011-01-25,0.9,0.0,12.3,0
2011-01-26,0.7,24.7,23.7,1
2011-01-27,-0.6,0.6,21.3,0
2011-01-28,-2.2,0.4,12.7,0
2011-01-29,-2.8,0.0,12.6,0
2011-01-30,-1.2,0.0,9.7,0
2011-01-31,-4.2,0.2,10.9,0
2011-02-01,0.6,1.4,11.5,1
2011-02-02,4.9,12.1,26.6,1
2011-02-03,-1.4,0.0,19.8,0
2011-02-04,0.9,0.0,9.5,0
2011-02-05,2.5,3.1,19.7,1
2011-02-06,3.5,0.0,18.4,0
2011-02-07,3.6,0.5,10.2,0
2011-02-08,1.2,0.0,28.7,0
2011-02-09,-2.1,0.1,18.7,0
2011-02-10,-2.0,0.2,17.1,0
2011-02-11,-1.1,0.0,9.5,0
2011-02-12,0.6,0.0,30.1,0
2011-02-13,4.3,0.0,19.8,0
2011-02-14,9.0,0.1,29.6,0
2011-02-15,2.3,0.0,26.3,0
2011-02-16,4.0,0.0,17.0,0
2011-02-17,10.9,0.0,16.5,0
2011-02-18,15.2,0.2,21.6,0
2011-02-19,8.7,0.0,35.2,0
2011-02-20,3.4,1.8,26.5,1
2011-02-21,6.5,4.1,17.6,1
2011-02-22,-0.8,5.7,15.1,1
2011-02-23,1.0,0.0,8.6,0
2011-02-24,3.9,1.8,17.0,1
2011-02-25,9.5,12.6,42.5,1
2011-02-26,3.5,0.0,14.8,0
2011-02-27,7.8,0.0,13.5,0
2011-02-28,12.4,14.8,25.3,1
2011-03-01,4.3,0.0,19.6,0
2011-03-02,6.3,0.0,21.9,0
2011-03-03,0.3,0.0,17.5,0
2011-03-04,2.9,0.0,16.5,0
2011-03-05,9.8,0.0,23.6,0
2011-03-06,10.9,39.5,26.0,1
2011-03-07,4.0,3.1,27.2,1
2011-03-08,3.4,0.0,11.2,0
2011-03-09,4.7,0.5,19.5,0
2011-03-10,11.0,36.2,23.5,1
2011-03-11,8.0,0.8,17.6,0
2011-03-12,8.2,0.0,21.1,0
2011-03-13,9.3,0.0,18.7,0
2011-03-14,5.3,0.0,13.3,0
2011-03-15,5.4,1.9,15.3,1
2011-03-16,9.1,5.6,14.5,1
2011-03-17,11.1,0.0,14.3,0
2011-03-18,16.6,0.0,20.7,0
2011-03-19,13.0,0.0,18.9,0
2011-03-20,6.5,0.0,15.1,0
2011-03-21,12.3,6.1,16.7,1
2011-03-22,12.7,0.0,14.8,0
2011-03-23,9.2,14.4,16.8,1
2011-03-24,5.6,1.1,14.7,1
2011-03-25,4.0,0.0,12.6,0
2011-03-26,3.5,0.0,9.4,0
2011-03-27,3.5,1.7,12.7,1
2011-03-28,2.3,0.0,12.8,0
2011-03-29,3.6,0.0,12.6,0
2011-03-30,4.5,6.0,13.5,1
2011-03-31,3.9,3.7,10.5,1
2011-04-01,5.8,2.1,24.5,1
2011-04-02,6.0,0.9,17.6,0
2011-04-03,8.5,0.5,18.2,0
2011-04-04,17.1,0.0,27.9,0
2011-04-05,13.8,19.7,34.9,1
2011-04-06,10.0,0.0,24.4,0
2011-04-07,12.7,0.0,13.3,0
2011-04-08,7.7,9.7,15.1,1
2011-04-09,8.4,0.0,10.9,0
2011-04-10,13.7,0.0,13.7,0
2011-04-11,21.1,0.1,21.4,0
2011-04-12,15.8,15.9,23.1,1
2011-04-13,12.1,4.2,19.9,1
2011-04-14,13.7,0.0,11.8,0
2011-04-15,12.9,0.0,20.2,0
2011-04-16,12.9,34.5,31.2,1
2011-04-17,13.3,0.0,25.7,0
2011-04-18,16.2,0.0,17.1,0
2011-04-19,17.4,0.4,16.7,0
2011-04-20,21.9,0.0,24.3,0
2011-04-21,13.5,0.0,19.1,0
2011-04-22,7.8,4.3,14.5,1
2011-04-23,14.7,0.2,22.5,0
2011-04-24,21.3,3.9,14.8,1
2011-04-25,22.3,0.0,17.7,0
2011-04-26,23.1,0.0,20.9,0
2011-04-27,22.9,1.5,21.9,1
2011-04-28,21.8,8.8,24.6,1
2011-04-29,15.5,0.0,19.8,0
2011-04-30,13.3,0.0,14.0,0
2011-05-01,14.1,0.8,11.9,0
2011-05-02,18.7,0.0,14.9,0
2011-05-03,22.3,0.0,22.9,0
2011-05-04,12.3,14.6,19.5,1
2011-05-05,13.2,0.0,26.2,0
2011-05-06,14.6,0.6,16.8,0
2011-05-07,15.9,0.1,15.0,0
2011-05-08,16.8,0.0,8.3,0
2011-05-09,16.4,0.0,14.5,0
2011-05-10,16.5,0.0,11.8,0
2011-05-11,17.4,0.5,11.7,0
2011-05-12,17.8,0.0,11.8,0
2011-05-13,17.5,1.3,13.8,1
2011-05-14,17.2,10.1,13.8,1
2011-05-15,19.4,17.2,12.1,1
2011-05-16,18.7,3.7,11.0,1
2011-05-17,18.1,19.3,18.7,1
2011-05-18,18.3,18.5,18.0,1
2011-05-19,17.2,3.8,8.0,1
2011-05-20,17.4,0.0,12.3,0
2011-05-21,20.2,0.0,11.5,0
2011-05-22,21.2,0.1,14.5,0
2011-05-23,22.7,2.0,20.1,1
2011-05-24,23.8,0.6,14.7,0
2011-05-25,23.6,2.1,11.9,1
2011-05-26,26.4,0.0,15.3,0
2011-05-27,24.6,1.5,14.2,1
2011-05-28,23.2,1.0,15.4,1
2011-05-29,25.0,0.0,12.7,0
2011-05-30,27.8,0.0,10.9,0
2011-05-31,28.8,0.0,9.4,0
2011-06-01,28.6,0.6,19.9,0
2011-06-02,25.2,0.0,24.0,0
2011-06-03,20.3,0.0,15.5,0
2011-06-04,21.5,0.1,10.6,0
2011-06-05,23.0,4.4,11.2,1
2011-06-06,23.7,0.2,9.7,0
2011-06-07,25.6,0.0,11.5,0
2011-06-08,28.9,0.3,8.6,0
2011-06-09,30.5,1.4,18.2,1
2011-06-10,27.8,4.4,11.2,1
2011-06-11,26.8,14.2,12.8,1
2011-06-12,25.9,4.6,7.2,1
2011-06-13,22.4,0.0,17.5,0
2011-06-14,20.1,0.1,14.4,0
2011-06-15,21.4,0.0,14.1,0
2011-06-16,20.9,20.0,16.6,1
2011-06-17,22.9,0.3,12.6,0
2011-06-18,24.8,2.3,8.2,1
2011-06-19,24.2,2.9,7.9,1
2011-06-20,22.1,16.7,10.6,1
2011-06-21,24.3,2.8,10.9,1
2011-06-22,26.1,3.5,12.6,1
2011-06-23,25.4,2.5,13.0,1
2011-06-24,25.4,0.0,15.1,0
2011-06-25,23.5,0.0,12.6,0
2011-06-26,23.1,0.0,9.3,0
2011-06-27,24.0,0.2,6.4,0
2011-06-28,26.0,3.4,11.3,1
2011-06-29,25.7,0.3,14.3,0
2011-06-30,23.8,0.0,11.3,0
2011-07-01,24.8,0.0,11.8,0
2011-07-02,26.6,0.0,10.9,0
2011-07-03,26.1,6.8,10.6,1
2011-07-04,27.4,0.0,10.6,0
2011-07-05,27.0,0.3,6.8,0
2011-07-06,27.3,0.5,10.0,0
2011-07-07,28.2,0.8,10.0,0
2011-07-08,26.0,23.2,10.8,1
2011-07-09,26.0,0.0,11.8,0
2011-07-10,27.2,0.0,10.8,0
2011-07-11,28.4,0.0,15.0,0
2011-07-12,30.5,0.0,16.2,0
2011-07-13,27.7,6.4,13.6,1
2011-07-14,24.6,0.0,16.0,0
2011-07-15,23.8,0.0,10.8,0
2011-07-16,24.4,0.0,12.9,0
2011-07-17,26.0,0.0,11.9,0
2011-07-18,28.3,0.3,12.3,0
2011-07-19,28.3,7.6,11.0,1
2011-07-20,28.6,0.6,9.2,0
2011-07-21,31.1,0.0,12.9,0
2011-07-22,33.1,2.1,10.2,1
2011-07-23,32.1,2.6,11.5,1
2011-07-24,30.2,5.2,15.3,1
2011-07-25,27.7,21.2,7.2,1
2011-07-26,28.4,0.0,13.5,0
2011-07-27,27.8,0.0,11.5,0
2011-07-28,28.4,0.0,9.2,0
2011-07-29,31.8,0.0,15.0,0
2011-07-30,30.5,0.0,12.3,0
2011-07-31,29.3,0.0,8.8,0
2011-08-01,29.5,1.2,14.8,1
2011-08-02,29.3,0.0,15.5,0
2011-08-03,28.5,1.8,12.3,1
2011-08-04,26.3,0.0,14.7,0
2011-08-05,25.7,0.0,13.4,0
2011-08-06,26.6,0.0,16.7,0
2011-08-07,28.0,5.0,14.6,1
2011-08-08,28.7,0.0,14.2,0
2011-08-09,29.0,0.0,16.7,0
2011-08-10,28.0,0.0,17.3,0
2011-08-11,25.9,0.0,13.5,0
2011-08-12,25.8,0.0,11.9,0
2011-08-13,25.3,5.4,18.4,1
2011-08-14,23.2,21.0,11.2,1
2011-08-15,22.1,12.8,9.9,1
2011-08-16,23.3,0.0,18.8,0
2011-08-17,24.7,0.0,10.9,0
2011-08-18,25.4,3.6,12.0,1
2011-08-19,25.0,5.5,8.4,1
2011-08-20,24.6,0.2,9.2,0
2011-08-21,25.5,10.9,13.7,1
2011-08-22,24.3,0.0,16.2,0
2011-08-23,21.8,0.0,12.2,0
2011-08-24,23.3,0.0,19.6,0
2011-08-25,25.5,14.3,17.2,1
2011-08-26,25.1,0.6,11.0,0
2011-08-27,23.3,54.1,36.7,1
2011-08-28,23.3,48.1,39.7,1
2011-08-29,21.1,0.1,8.5,0
2011-08-30,21.2,0.0,9.5,0
2011-08-31,22.5,0.0,8.4,0
2011-09-01,22.0,0.4,11.3,0
2011-09-02,21.8,4.9,10.2,1
2011-09-03,23.1,3.5,9.0,1
2011-09-04,25.3,0.4,12.6,0
2011-09-05,24.2,14.0,12.6,1
2011-09-06,17.5,28.9,24.2,1
2011-09-07,22.3,25.9,14.1,1
2011-09-08,22.2,53.3,13.8,1
2011-09-09,22.9,7.7,11.0,1
2011-09-10,22.8,0.9,11.0,0
2011-09-11,22.7,1.0,8.5,1
2011-09-12,22.2,0.0,7.9,0
2011-09-13,22.8,0.0,10.5,0
2011-09-14,23.8,0.1,9.9,0
2011-09-15,20.1,0.5,23.2,0
2011-09-16,14.4,0.0,13.0,0
2011-09-17,14.2,1.3,9.8,1
2011-09-18,15.9,0.0,13.4,0
2011-09-19,17.4,0.0,9.8,0
2011-09-20,18.7,6.6,10.2,1
2011-09-21,20.0,5.1,10.0,1
2011-09-22,22.2,0.6,6.6,0
2011-09-23,21.0,21.8,13.6,1
2011-09-24,21.3,0.0,10.3,0
2011-09-25,21.4,0.0,9.4,0
2011-09-26,22.2,0.0,9.0,0
2011-09-27,21.8,6.2,11.9,1
2011-09-28,21.9,8.0,10.7,1
2011-09-29,20.1,2.9,16.7,1
2011-09-30,19.1,0.0,15.9,0
2011-10-01,12.4,6.3,19.1,1
2011-10-02,8.9,5.0,19.5,1
2011-10-03,9.3,1.0,10.1,1
2011-10-04,13.5,0.2,17.1,0
2011-10-05,16.3,0.0,14.3,0
2011-10-06,14.3,0.0,13.0,0
2011-10-07,14.9,0.0,8.4,0
2011-10-08,15.9,0.0,8.0,0
2011-10-09,16.8,0.0,7.1,0
2011-10-10,18.3,0.0,8.1,0
2011-10-11,18.0,0.2,13.4,0
2011-10-12,18.0,8.1,22.5,1
2011-10-13,18.8,4.5,16.0,1
2011-10-14,18.1,6.9,21.8,1
2011-10-15,15.5,0.0,23.5,0
2011-10-16,15.4,0.0,22.9,0
2011-10-17,17.5,0.0,21.5,0
2011-10-18,16.3,0.0,11.5,0
2011-10-19,17.8,30.1,24.5,1
2011-10-20,14.7,1.6,26.7,1
2011-10-21,11.9,0.0,16.2,0
2011-10-22,11.1,0.0,9.0,0
2011-10-23,12.5,0.0,9.6,0
2011-10-24,13.0,0.0,13.7,0
2011-10-25,13.0,0.0,15.0,0
2011-10-26,14.7,0.6,15.1,0
2011-10-27,14.4,11.4,22.5,1
2011-10-28,7.1,2.0,18.8,1
2011-10-29,3.1,29.7,20.3,1
2011-10-30,5.1,0.0,13.3,0
2011-10-31,7.5,0.1,11.2,0
2011-11-01,9.1,0.1,10.2,0
2011-11-02,10.0,0.0,9.5,0
2011-11-03,9.8,0.0,10.6,0
2011-11-04,9.7,0.0,20.1,0
2011-11-05,6.2,0.0,16.8,0
2011-11-06,7.9,0.0,9.8,0
2011-11-07,9.3,0.0,9.4,0
2011-11-08,10.6,0.0,8.8,0
2011-11-09,9.8,0.0,11.7,0
2011-11-10,9.2,1.7,18.2,1
2011-11-11,5.9,0.0,27.0,0
2011-11-12,6.7,0.0,15.6,0
2011-11-13,11.2,0.0,21.1,0
2011-11-14,16.0,0.0,21.0,0
2011-11-15,17.0,0.0,20.6,0
2011-11-16,14.8,17.7,15.5,1
2011-11-17,7.9,1.5,18.2,1
2011-11-18,3.5,0.0,16.6,0
2011-11-19,5.0,0.0,14.0,0
2011-11-20,12.7,2.3,17.1,1
2011-11-21,12.9,3.9,9.6,1
2011-11-22,12.0,15.2,13.9,1
2011-11-23,13.4,22.5,27.2,1
2011-11-24,8.4,0.0,18.8,0
2011-11-25,8.7,0.0,10.4,0
2011-11-26,8.9,0.0,9.5,0
2011-11-27,12.2,0.0,15.9,0
2011-11-28,15.6,0.0,17.0,0
2011-11-29,13.3,11.3,21.6,1
2011-11-30,7.3,0.3,20.2,0
2011-12-01,5.2,0.0,17.6,0
2011-12-02,5.8,0.0,13.7,0
2011-12-03,3.6,0.0,9.5,0
2011-12-04,6.4,0.0,11.2,0
2011-12-05,10.1,0.2,13.2,0
2011-12-06,15.0,11.3,16.5,1
2011-12-07,12.3,54.7,26.6,1
2011-12-08,3.8,3.3,24.8,1
2011-12-09,4.2,0.0,11.0,0
2011-12-10,3.3,0.0,16.2,0
2011-12-11,0.6,0.0,8.0,0
2011-12-12,2.6,0.0,7.0,0
2011-12-13,1.9,0.0,9.9,0
2011-12-14,4.6,0.0,9.8,0
2011-12-15,10.4,0.0,20.5,0
2011-12-16,8.7,0.3,20.6,0
2011-12-17,3.1,0.0,13.0,0
2011-12-18,0.7,0.0,13.8,0
2011-12-19,2.8,0.0,14.0,0
2011-12-20,8.3,0.0,10.5,0
2011-12-21,11.9,4.9,21.2,1
2011-12-22,11.8,4.5,13.9,1
2011-12-23,9.1,13.6,19.9,1
2011-12-24,4.3,0.0,17.3,0
2011-12-25,3.0,0.0,13.6,0
2011-12-26,4.5,0.0,21.2,0
2011-12-27,6.0,15.7,22.8,1
2011-12-28,4.2,0.0,26.8,0
2011-12-29,1.6,0.5,10.8,0
2011-12-30,5.1,0.1,13.0,0
2011-12-31,10.4,0.0,19.3,0
2012-01-01,8.1,0.8,18.3,0
2012-01-02,3.4,0.0,25.3,0
2012-01-03,-1.7,0.0,27.8,0
2012-01-04,-4.0,0.0,19.4,0
2012-01-05,1.4,0.0,15.8,0
2012-01-06,5.1,0.0,14.7,0
2012-01-07,7.8,0.0,13.6,0
2012-01-08,4.9,0.0,13.7,0
2012-01-09,1.3,1.9,8.4,1
2012-01-10,4.2,0.0,15.1,0
2012-01-11,3.7,12.1,20.7,1
2012-01-12,9.7,13.2,20.3,1
2012-01-13,3.8,2.0,31.4,1
2012-01-14,-0.7,0.0,14.9,0
2012-01-15,-2.2,0.0,15.0,0
2012-01-16,-0.4,1.5,19.8,1
2012-01-17,8.7,2.6,24.2,1
2012-01-18,4.4,0.0,26.3,0
2012-01-19,-0.3,0.0,18.3,0
2012-01-20,-0.0,0.0,15.6,0
2012-01-21,-0.6,5.7,13.4,1
2012-01-22,-1.1,0.1,12.3,0
2012-01-23,3.3,1.7,16.3,1
2012-01-24,6.7,0.0,15.6,0
2012-01-25,3.1,0.3,13.8,0
2012-01-26,6.8,0.2,12.6,0
2012-01-27,12.6,6.4,28.9,1
2012-01-28,5.8,0.0,20.3,0
2012-01-29,3.6,0.3,19.4,0
2012-01-30,3.1,0.0,20.3,0
2012-01-31,8.9,0.0,17.8,0
2012-02-01,12.5,1.6,17.3,1
2012-02-02,9.0,6.9,19.2,1
2012-02-03,4.2,0.0,14.1,0
2012-02-04,2.7,3.2,10.4,1
2012-02-05,3.1,1.2,10.2,1
2012-02-06,3.0,0.0,11.2,0
2012-02-07,5.1,0.0,12.6,0
2012-02-08,2.1,3.4,9.8,1
2012-02-09,2.6,0.0,15.5,0
2012-02-10,2.9,0.3,8.9,0
2012-02-11,1.9,4.0,29.2,1
2012-02-12,-2.9,0.4,31.1,0
2012-02-13,0.8,0.0,14.6,0
2012-02-14,4.4,2.1,14.9,1
2012-02-15,6.6,0.0,17.9,0
2012-02-16,5.6,4.4,12.6,1
2012-02-17,6.8,0.0,17.6,0
2012-02-18,6.3,0.0,18.6,0
2012-02-19,4.1,0.0,13.0,0
2012-02-20,4.1,0.0,14.8,0
2012-02-21,3.3,0.0,20.2,0
2012-02-22,9.2,0.6,18.9,0
2012-02-23,11.2,0.3,16.3,0
2012-02-24,12.0,8.7,29.7,1
2012-02-25,4.7,0.0,32.0,0
2012-02-26,3.2,0.0,18.3,0
2012-02-27,6.9,0.0,17.4,0
2012-02-28,6.8,0.0,18.3,0
2012-02-29,7.0,18.8,14.2,1
2012-03-01,14.1,0.2,18.8,0
2012-03-02,7.1,5.2,16.9,1
2012-03-03,10.7,1.2,18.2,1
2012-03-04,5.9,0.0,21.4,0
2012-03-05,2.2,0.7,17.4,0
2012-03-06,2.6,0.0,13.8,0
2012-03-07,9.6,0.0,19.3,0
2012-03-08,15.6,0.0,29.1,0
2012-03-09,10.1,2.9,24.7,1
2012-03-10,4.0,0.0,13.8,0
2012-03-11,6.9,0.0,13.7,0
2012-03-12,12.1,0.3,14.5,0
2012-03-13,17.7,1.9,16.3,1
2012-03-14,17.4,0.0,11.3,0
2012-03-15,17.4,0.0,15.5,0
2012-03-16,15.1,0.0,9.5,0
2012-03-17,15.5,0.0,10.4,0
2012-03-18,14.3,0.0,9.9,0
2012-03-19,16.5,0.0,9.7,0
2012-03-20,16.7,7.8,8.3,1
2012-03-21,16.3,0.0,7.9,0
2012-03-22,18.0,1.1,8.4,1
2012-03-23,19.4,0.0,10.4,0
2012-03-24,15.9,11.7,16.8,1
2012-03-25,14.0,0.4,13.3,0
2012-03-26,12.6,0.0,25.8,0
2012-03-27,6.4,0.0,18.1,0
2012-03-28,14.7,0.8,17.8,0
2012-03-29,13.9,0.0,20.5,0
2012-03-30,9.1,0.3,13.2,0
2012-03-31,11.9,0.2,15.8,0
2012-04-01,11.6,1.3,13.8,1
2012-04-02,11.3,2.4,23.2,1
2012-04-03,11.7,0.2,12.7,0
2012-04-04,16.2,0.0,18.4,0
2012-04-05,11.5,0.0,14.6,0
2012-04-06,9.7,0.0,18.7,0
2012-04-07,10.5,0.0,19.9,0
2012-04-08,13.1,0.0,27.0,0
2012-04-09,13.8,1.6,28.3,1
2012-04-10,12.3,0.0,22.6,0
2012-04-11,8.2,0.7,20.0,0
2012-04-12,9.6,0.1,19.3,0
2012-04-13,11.5,0.0,11.3,0
2012-04-14,15.0,0.0,16.0,0
2012-04-15,21.6,0.2,16.5,0
2012-04-16,24.3,0.0,18.1,0
2012-04-17,20.6,0.0,18.8,0
2012-04-18,12.6,6.2,15.3,1
2012-04-19,14.9,0.9,9.3,0
2012-04-20,16.4,0.0,11.5,0
2012-04-21,18.8,1.5,19.7,1
2012-04-22,9.7,36.9,24.1,1
2012-04-23,6.9,3.6,23.7,1
2012-04-24,10.3,0.0,18.3,0
2012-04-25,12.4,0.0,18.1,0
2012-04-26,14.1,1.0,14.1,1
2012-04-27,11.8,0.0,21.1,0
2012-04-28,9.2,1.2,12.1,1
2012-04-29,13.1,2.8,11.8,1
2012-04-30,12.8,0.0,15.3,0
2012-05-01,20.8,3.7,17.3,1
2012-05-02,20.0,0.0,13.4,0
2012-05-03,19.5,0.0,13.3,0
2012-05-04,22.1,5.9,10.3,1
2012-05-05,20.7,6.9,14.0,1
2012-05-06,17.8,0.0,11.3,0
2012-05-07,16.7,0.0,18.2,0
2012-05-08,19.1,2.4,17.5,1
2012-05-09,19.2,6.3,14.7,1
2012-05-10,15.4,0.7,24.0,0
2012-05-11,15.4,0.0,18.3,0
2012-05-12,17.7,0.0,10.6,0
2012-05-13,20.0,0.0,12.1,0
2012-05-14,18.0,9.4,11.6,1
2012-05-15,20.2,6.4,10.5,1
2012-05-16,21.7,0.0,10.1,0
2012-05-17,19.2,0.0,15.1,0
2012-05-18,17.6,0.0,11.9,0
2012-05-19,19.3,0.0,8.2,0
2012-05-20,20.2,0.0,18.9,0
2012-05-21,19.7,6.3,18.7,1
2012-05-22,20.4,2.4,9.7,1
2012-05-23,21.2,15.7,7.4,1
2012-05-24,21.8,1.9,15.0,1
2012-05-25,23.4,0.7,9.7,0
2012-05-26,24.6,0.2,11.5,0
2012-05-27,25.5,0.0,12.0,0
2012-05-28,26.8,0.0,12.9,0
2012-05-29,27.4,1.3,17.9,1
2012-05-30,23.4,5.9,7.9,1
2012-05-31,23.6,0.0,12.4,0
2012-06-01,22.2,12.8,19.7,1
2012-06-02,18.8,2.6,17.7,1
2012-06-03,19.5,0.0,14.1,0
2012-06-04,19.8,0.0,21.6,0
2012-06-05,17.1,0.0,11.7,0
2012-06-06,18.5,0.0,10.0,0
2012-06-07,20.4,0.0,12.0,0
2012-06-08,22.1,0.0,15.3,0
2012-06-09,24.8,0.0,14.0,0
2012-06-10,26.5,0.0,12.3,0
2012-06-11,26.3,0.0,18.8,0
2012-06-12,22.2,8.8,13.2,1
2012-06-13,23.2,0.0,19.4,0
2012-06-14,22.3,0.3,16.1,0
2012-06-15,22.0,0.0,12.1,0
2012-06-16,21.9,0.0,13.4,0
2012-06-17,20.5,0.0,11.5,0
2012-06-18,18.7,5.8,12.1,1
2012-06-19,24.5,0.2,8.7,0
2012-06-20,29.3,0.0,9.4,0
2012-06-21,30.5,0.1,7.3,0
2012-06-22,29.4,0.9,12.3,0
2012-06-23,27.0,0.7,12.4,0
2012-06-24,27.1,0.0,10.0,0
2012-06-25,25.9,1.6,22.6,1
2012-06-26,21.8,0.0,23.0,0
2012-06-27,24.6,0.0,22.1,0
2012-06-28,28.1,0.0,13.3,0
2012-06-29,31.4,2.6,13.5,1
2012-06-30,29.5,5.5,13.6,1
2012-07-01,30.1,0.5,15.6,0
2012-07-02,28.9,0.0,13.1,0
2012-07-03,30.0,0.0,12.7,0
2012-07-04,30.2,0.3,12.3,0
2012-07-05,31.8,3.4,14.5,1
2012-07-06,31.9,0.0,8.6,0
2012-07-07,34.0,0.0,11.9,0
2012-07-08,30.9,23.9,13.0,1
2012-07-09,25.7,8.9,11.2,1
2012-07-10,26.0,0.3,9.0,0
2012-07-11,25.7,0.0,10.7,0
2012-07-12,25.5,0.0,11.2,0
2012-07-13,25.7,0.0,6.8,0
2012-07-14,25.0,8.1,9.0,1
2012-07-15,26.9,2.5,10.1,1
2012-07-16,28.0,1.9,10.8,1
2012-07-17,30.1,0.0,11.6,0
2012-07-18,30.1,2.3,12.7,1
2012-07-19,27.9,14.1,10.3,1
2012-07-20,24.9,7.1,14.7,1
2012-07-21,20.9,10.7,14.1,1
2012-07-22,23.5,1.1,8.0,1
2012-07-23,26.3,0.0,12.6,0
2012-07-24,28.2,0.0,20.2,0
2012-07-25,26.1,0.0,17.4,0
2012-07-26,29.5,0.0,18.0,0
2012-07-27,28.5,4.1,11.0,1
2012-07-28,27.8,1.4,9.9,1
2012-07-29,26.0,0.0,10.8,0
2012-07-30,25.7,0.0,12.9,0
2012-07-31,25.6,1.0,11.6,1
2012-08-01,25.9,0.5,8.2,0
2012-08-02,27.5,0.5,11.7,0
2012-08-03,27.9,4.1,11.1,1
2012-08-04,28.4,0.9,15.9,0
2012-08-05,29.3,2.3,22.0,1
2012-08-06,27.6,2.1,8.4,1
2012-08-07,26.7,0.4,8.0,0
2012-08-08,27.5,0.0,10.7,0
2012-08-09,27.9,1.9,12.8,1
2012-08-10,25.9,17.1,15.1,1
2012-08-11,25.7,6.6,12.7,1
2012-08-12,24.7,0.0,11.2,0
2012-08-13,25.2,0.0,12.2,0
2012-08-14,25.2,4.7,11.6,1
2012-08-15,24.4,0.4,8.0,0
2012-08-16,25.3,0.0,10.8,0
2012-08-17,26.2,2.2,15.6,1
2012-08-18,24.1,1.0,11.0,1
2012-08-19,22.4,1.3,10.3,1
2012-08-20,22.2,3.1,10.3,1
2012-08-21,22.8,0.2,8.8,0
2012-08-22,24.2,0.6,8.5,0
2012-08-23,24.9,0.0,6.4,0
2012-08-24,25.1,0.0,8.1,0
2012-08-25,23.0,15.2,18.7,1
2012-08-26,21.9,15.3,14.8,1
2012-08-27,24.6,2.2,10.9,1
2012-08-28,25.7,1.3,11.8,1
2012-08-29,24.2,0.0,11.4,0
2012-08-30,24.7,0.0,7.2,0
2012-08-31,27.0,0.0,12.4,0
2012-09-01,26.7,5.3,11.8,1
2012-09-02,24.5,5.5,6.6,1
2012-09-03,24.7,23.1,12.2,1
2012-09-04,25.3,8.7,15.9,1
2012-09-05,25.6,8.5,13.6,1
2012-09-06,24.6,0.5,11.0,0
2012-09-07,25.0,0.4,12.6,0
2012-09-08,23.6,12.5,20.5,1
2012-09-09,20.4,0.0,12.3,0
2012-09-10,18.9,0.0,14.2,0
2012-09-11,18.0,0.0,8.8,0
2012-09-12,19.5,0.0,8.7,0
2012-09-13,20.1,0.0,8.4,0
2012-09-14,20.9,0.0,7.9,0
2012-09-15,20.3,0.0,15.3,0
2012-09-16,18.9,0.0,7.6,0
2012-09-17,19.4,0.7,11.2,0
2012-09-18,21.4,37.6,26.3,1
2012-09-19,17.9,0.1,16.5,0
2012-09-20,17.1,0.0,9.4,0
2012-09-21,19.1,0.0,12.4,0
2012-09-22,22.1,0.0,16.1,0
2012-09-23,17.3,0.0,17.3,0
2012-09-24,15.8,0.0,11.9,0
2012-09-25,16.9,0.0,14.4,0
2012-09-26,21.8,0.7,18.4,0
2012-09-27,22.0,5.7,9.2,1
2012-09-28,20.6,7.4,10.2,1
2012-09-29,17.0,0.7,11.9,0
2012-09-30,16.8,0.0,13.3,0
2012-10-01,16.2,0.3,8.3,0
2012-10-02,20.0,3.6,11.5,1
2012-10-03,23.7,0.4,11.6,0
2012-10-04,22.7,0.0,11.1,0
2012-10-05,20.7,0.0,10.5,0
2012-10-06,18.6,0.0,21.2,0
2012-10-07,11.0,6.8,10.3,1
2012-10-08,9.0,4.3,11.5,1
2012-10-09,12.6,1.1,9.4,1
2012-10-10,15.9,0.1,20.6,0
2012-10-11,11.8,0.0,14.4,0
2012-10-12,11.2,0.0,23.5,0
2012-10-13,9.2,0.0,14.1,0
2012-10-14,15.7,0.0,18.1,0
2012-10-15,17.5,7.1,20.7,1
2012-10-16,13.1,0.0,16.4,0
2012-10-17,13.3,0.0,12.3,0
2012-10-18,15.6,1.8,20.5,1
2012-10-19,17.8,10.0,11.9,1
2012-10-20,14.3,0.0,12.9,0
2012-10-21,12.8,0.0,14.7,0
2012-10-22,13.1,0.0,9.2,0
2012-10-23,16.8,0.0,9.7,0
2012-10-24,18.9,0.0,9.1,0
2012-10-25,17.7,0.0,13.3,0
2012-10-26,17.6,0.0,10.8,0
2012-10-27,16.7,0.0,14.1,0
2012-10-28,13.9,7.2,24.5,1
2012-10-29,10.1,83.6,43.2,1
2012-10-30,5.8,31.3,35.6,1
2012-10-31,7.7,0.0,13.9,0
2012-11-01,8.2,0.0,13.8,0
2012-11-02,7.7,0.1,22.4,0
2012-11-03,6.5,0.0,20.9,0
2012-11-04,5.7,0.0,12.5,0
2012-11-05,5.3,0.0,12.8,0
2012-11-06,3.6,0.0,10.7,0
2012-11-07,4.6,0.4,14.1,0
2012-11-08,6.4,0.0,21.9,0
2012-11-09,7.4,0.0,19.4,0
2012-11-10,9.4,0.0,9.3,0
2012-11-11,10.9,0.0,12.0,0
2012-11-12,14.4,0.0,15.6,0
2012-11-13,8.0,12.1,22.4,1
2012-11-14,3.9,0.0,13.8,0
2012-11-15,5.2,0.0,9.1,0
2012-11-16,6.1,0.0,10.2,0
2012-11-17,5.0,0.0,12.2,0
2012-11-18,6.2,0.0,14.6,0
2012-11-19,8.0,0.0,12.9,0
2012-11-20,8.1,0.0,7.6,0
2012-11-21,6.2,0.0,8.7,0
2012-11-22,6.0,0.0,8.3,0
2012-11-23,7.7,0.0,19.2,0
2012-11-24,4.0,0.0,25.0,0
2012-11-25,1.5,0.0,14.3,0
2012-11-26,4.2,0.0,8.7,0
2012-11-27,4.6,6.4,12.6,1
2012-11-28,3.0,0.0,20.0,0
2012-11-29,2.2,0.0,10.5,0
2012-11-30,3.7,0.0,8.6,0
2012-12-01,4.6,0.0,8.4,0
2012-12-02,7.2,2.1,13.9,1
2012-12-03,13.1,0.0,12.5,0
2012-12-04,14.3,0.0,16.3,0
2012-12-05,12.1,0.0,17.6,0
2012-12-06,2.7,0.0,13.3,0
2012-12-07,5.9,3.1,9.7,1
2012-12-08,10.5,0.6,7.8,0
2012-12-09,9.1,3.7,14.1,1
2012-12-10,14.3,0.0,18.8,0
2012-12-11,8.3,0.4,23.1,0
2012-12-12,4.3,0.0,9.4,0
2012-12-13,4.2,0.0,11.8,0
2012-12-14,3.3,0.0,10.0,0
2012-12-15,4.3,0.2,10.5,0
2012-12-16,7.7,0.9,10.4,0
2012-12-17,10.4,3.5,12.2,1
2012-12-18,10.3,0.2,24.7,0
2012-12-19,6.8,0.0,21.1,0
2012-12-20,5.1,5.6,24.5,1
2012-12-21,6.5,11.4,28.8,1
2012-12-22,2.9,0.0,31.1,0
2012-12-23,2.4,0.0,13.7,0
2012-12-24,1.3,5.5,12.1,1
2012-12-25,4.6,0.0,12.7,0
2012-12-26,2.8,22.9,28.7,1
2012-12-27,3.1,1.6,30.5,1
2012-12-28,1.5,0.0,15.3,0
2012-12-29,1.8,6.8,20.2,1
2012-12-30,1.2,0.0,33.0,0
2012-12-31,1.2,0.0,13.2,0
